n,method,x1,x2,x3,x4,x5,x6,x7,x8,x9,x10,x11,x12,x13,x14,x15
5,gauss_seidel,0.01933276416735341,-0.12633001157729357,0.04462759622137963,0.3878913178027417,0.660939971337703,,,,,,,,,,
5,relaxing_0.8,0.02136204060023347,-0.1361230758527878,0.056419150170373605,0.3825544430717045,0.6628081142553794,,,,,,,,,,
5,relaxing_1.12,0.01672163047705905,-0.11089794157379941,0.02248966133764879,0.394227534336238,0.6638709152887794,,,,,,,,,,
9,gauss_seidel,-0.019575718144000942,0.1386551291955377,-0.12049186873409959,-0.1561764763667448,-0.0591904357569511,0.08478677634127194,0.23656111881846664,0.3803940499722109,0.5109035781071649,,,,,,
9,relaxing_0.8,-0.02340696298947796,0.16465278928733088,-0.1283679317366168,-0.18393524614147294,-0.0790413726390038,0.08037144622466771,0.24470284670761516,0.396313399951123,0.5307425567526313,,,,,,
9,relaxing_1.12,-0.017368821523638604,0.12767073718819236,-0.11743337583974946,-0.1458281369548949,-0.05352255231632406,0.08552294356511282,0.23391830045294915,0.3758623750646856,0.5055159176552462,,,,,,
15,gauss_seidel,0.0074059675316067025,-0.11685329365160253,0.22830316009208684,0.06969640125221636,-0.06857972885110575,-0.13272449845522924,-0.1376816492180265,-0.1036746342419332,-0.04616044383405302,0.02439507597875988,0.10121676043161285,0.18002507577150959,0.25817615216741624,0.3340852051771593,0.40684921941248053
15,relaxing_0.8,0.0010912297339827114,-0.0664933521315524,0.1462930342429284,0.07452820846625494,-0.04548024450595384,-0.11640457423053766,-0.13031669511989535,-0.10230359453876424,-0.047937322937960415,0.021343088978705908,0.09796554916531781,0.1771378522693508,0.2559134795409521,0.33253698601666815,0.40601305644002444
15,relaxing_1.12,0.010810304906624173,-0.1479320011804784,0.29092693500208733,0.045712721628445335,-0.0792807888660893,-0.13882622862306204,-0.13979219440537205,-0.10365498785500461,-0.04507271117020953,0.025904991020133297,0.10278738010117953,0.18146381266856032,0.25938999391033696,0.33503845567630836,0.407538324988288
