n,method,x1,x2,x3,x4,x5,x6,x7,x8,x9,x10,x11,x12,x13,x14,x15
5,gauss_seidel,-0.00020175708710673534,0.0037036181649575672,-0.015778717712381235,0.023623215152298302,0.9885185412360818,,,,,,,,,,
5,relaxing_0.8,-0.00029912641621781286,0.005525607939106115,-0.023634387227997582,0.03548193394670002,0.9827197874926412,,,,,,,,,,
5,relaxing_1.12,-0.0001599651413369838,0.002921556713926444,-0.012406707410115361,0.018532847618497935,0.991007681552924,,,,,,,,,,
9,gauss_seidel,-8.431985399781627e-05,0.006132591594169123,-0.0597771843560127,0.1702400121241583,-0.09415732491607398,-0.1723364968863736,0.010598681339716948,0.3598199295045438,0.7790174776680377,,,,,,
9,relaxing_0.8,0.00011410171500977225,0.0014674761364937635,-0.033870638293229956,0.11944123047798635,-0.06696467128646054,-0.1549712771898041,0.0022201992190682843,0.34749538542400915,0.784445198935251,,,,,,
9,relaxing_1.12,-0.00017986958013105535,0.008561399448764035,-0.074769450134267,0.2049964270401225,-0.12288535875136411,-0.1750818960843418,0.018954201389195593,0.36583882021597225,0.7740371353393148,,,,,,
15,gauss_seidel,-8.104189845814513e-06,-0.0036435546894480753,0.04466226794591351,-0.13375956680442125,0.06262232115222631,0.11803597922871138,0.04520043730418122,-0.05596438252097227,-0.12030389322632469,-0.12249639558900834,-0.061442306521806815,0.05274173031439149,0.20641848295306847,0.38627466092097207,0.58092136415819
15,relaxing_0.8,-0.00023089165074403605,0.0018071442870372506,0.014125621450205097,-0.07758469799095746,0.04370198873736934,0.09496704530223297,0.039555413283300145,-0.05053664351972073,-0.11224588124921829,-0.1161709168042871,-0.05802558939448187,0.053537328257533906,0.205256549333691,0.38371323129801044,0.5772763482978704
15,relaxing_1.12,9.304897575645824e-05,-0.006279657341482827,0.06092341086499259,-0.16963254897069263,0.08713441869668634,0.12419008317833115,0.042816305180683537,-0.06052104649717646,-0.12356245023362702,-0.12376443275674924,-0.06119170607362887,0.05374019696590592,0.20748483988017433,0.386939246132374,0.5809245766194296
